latitude_planetographic_deg,pressure_mbar,temperature_K
76.67,110,76.80
74.95,110,78.00
74.93,110,77.31
74.52,110,79.13
74.19,110,79.90
73.32,110,78.64
71.34,110,77.87
70.87,110,77.87
70.47,110,77.83
70.08,110,78.23
68.98,110,79.11
68.24,110,79.93
68.05,110,80.52
67.06,110,79.35
66.88,110,79.16
66.69,110,79.01
66.42,110,78.47
64.09,110,78.79
63.26,110,77.82
63.06,110,77.39
61.95,110,78.45
61.83,110,77.86
60.81,110,77.26
60.20,110,77.88
59.90,110,77.39
59.40,110,78.07
58.62,110,77.77
57.93,110,77.72
57.21,110,77.88
56.83,110,77.12
56.41,110,78.60
56.24,110,77.26
55.90,110,78.02
55.18,110,78.94
54.19,110,79.20
53.75,110,79.06
53.10,110,78.70
52.89,110,78.95
51.70,110,81.14
50.87,110,81.24
50.77,110,80.77
50.47,110,80.49
50.15,110,81.50
49.88,110,81.94
49.72,110,82.15
48.66,110,82.00
48.55,110,81.69
47.48,110,81.30
47.37,110,80.92
46.46,110,79.17
46.34,110,77.86
46.22,110,78.02
46.15,110,78.20
45.96,110,78.73
45.56,110,78.03
45.52,110,78.29
44.84,110,77.85
44.40,110,78.20
43.55,110,78.55
42.91,110,78.39
42.52,110,78.94
41.62,110,78.91
40.86,110,79.53
40.83,110,80.09
40.57,110,79.80
40.01,110,79.14
39.76,110,79.80
38.79,110,79.79
38.56,110,80.58
38.29,110,80.11
38.16,110,81.26
36.80,110,80.95
36.49,110,82.33
36.40,110,81.92
36.12,110,81.52
35.96,110,82.27
35.65,110,82.19
35.58,110,81.47
35.45,110,81.63
35.40,110,81.33
34.76,110,80.77
32.85,110,81.00
32.83,110,81.76
32.57,110,81.51
31.95,110,80.65
31.52,110,80.94
31.44,110,81.59
30.65,110,80.74
29.67,110,81.12
29.27,110,80.38
27.81,110,80.48
27.71,110,80.66
27.66,110,80.86
27.59,110,81.08
26.78,110,81.17
26.72,110,81.56
26.65,110,80.98
26.51,110,80.85
26.38,110,81.33
25.77,110,81.11
25.07,110,80.89
24.85,110,81.40
24.36,110,81.09
24.22,110,81.41
22.84,110,81.91
22.30,110,82.50
21.73,110,82.85
21.29,110,82.52
20.72,110,82.88
20.42,110,82.61
19.85,110,83.89
19.38,110,83.71
18.74,110,84.22
17.95,110,85.26
17.71,110,85.43
17.67,110,85.16
16.46,110,86.22
16.40,110,85.71
16.20,110,86.37
15.83,110,86.19
15.78,110,86.48
15.72,110,86.71
15.16,110,86.47
14.77,110,87.28
14.23,110,87.73
14.04,110,88.23
13.27,110,87.99
13.16,110,88.26
12.36,110,88.90
11.39,110,89.13
11.39,110,88.74
10.62,110,89.04
10.62,110,88.64
9.44,110,88.12
8.17,110,86.81
7.68,110,87.02
6.39,110,86.52
6.33,110,86.07
4.98,110,85.14
4.68,110,85.35
3.17,110,84.33
1.56,110,83.56
1.24,110,83.18
1.15,110,82.86
0.52,110,83.54
-0.51,110,83.47
-0.52,110,82.99
-0.77,110,83.21
-1.00,110,83.41
-3.49,110,86.07
-4.05,110,84.87
-4.09,110,85.55
-4.30,110,85.16
-4.43,110,84.60
-4.59,110,84.72
-4.78,110,85.06
-5.82,110,84.60
-7.47,110,86.17
-8.16,110,87.01
-8.57,110,86.90
-14.15,110,89.27
-15.58,110,89.57
-16.54,110,88.75
-17.59,110,88.47
-17.61,110,87.56
-18.01,110,88.13
-18.70,110,87.93
-19.11,110,86.99
-19.40,110,87.54
-19.73,110,87.38
-19.85,110,86.88
-19.96,110,87.21
-20.01,110,87.54
-20.05,110,86.56
-20.29,110,86.73
-20.38,110,87.35
-20.45,110,86.46
-20.51,110,86.26
-20.91,110,86.58
-21.03,110,86.34
-22.65,110,86.22
-22.89,110,86.53
-23.39,110,85.93
-24.10,110,86.42
-24.48,110,85.98
-24.50,110,85.73
-24.68,110,86.16
-24.94,110,85.65
-25.07,110,86.34
-25.25,110,85.76
-25.29,110,86.11
-25.57,110,85.61
-25.80,110,86.21
-26.61,110,85.61
-26.74,110,85.87
-27.11,110,85.69
-27.56,110,86.19
-38.48,110,87.57
-39.06,110,86.50
-41.91,110,87.33
-50.05,110,88.75
-50.94,110,88.67
-51.31,110,88.32
-51.62,110,87.76
-52.36,110,87.41
-52.51,110,87.73
-52.76,110,87.25
-52.98,110,86.70
-53.29,110,86.92
-53.47,110,86.56
-53.59,110,87.15
-53.81,110,86.73
-59.40,110,86.64
-61.22,110,87.08
-62.28,110,86.64
-63.31,110,86.58
-64.30,110,86.61
-65.71,110,86.88
-67.28,110,87.20
-68.42,110,86.90
-69.40,110,86.22
-70.66,110,85.73
-72.45,110,85.46
-74.48,110,87.53
-75.49,110,87.03
-76.82,110,86.93
-78.20,110,87.46
-80.45,110,86.93
-81.64,110,85.78
-83.15,110,86.85
-85.14,110,87.18
-86.64,110,88.34
-86.67,110,87.85
-88.87,110,89.79
76.77,290,91.69
74.84,290,91.81
74.51,290,89.93
74.49,290,92.08
74.09,290,93.12
73.47,290,90.98
71.17,290,91.89
70.74,290,92.90
70.08,290,92.59
69.19,290,91.72
68.23,290,91.61
68.11,290,91.24
66.90,290,93.14
66.71,290,92.80
66.19,290,93.31
64.18,290,91.24
63.07,290,91.29
63.05,290,92.21
62.18,290,91.55
61.71,290,91.93
61.12,290,91.64
60.04,290,92.05
60.02,290,91.87
59.95,290,91.71
59.49,290,90.87
58.80,290,91.54
58.11,290,91.98
57.86,290,93.16
57.52,290,92.41
56.90,290,92.14
55.76,290,91.81
55.23,290,92.42
54.40,290,93.17
53.72,290,93.00
53.56,290,92.42
52.86,290,92.73
51.43,290,93.57
50.89,290,93.20
50.48,290,94.15
50.28,290,92.52
50.20,290,94.41
49.92,290,95.11
49.87,290,94.18
48.60,290,96.20
48.54,290,95.27
47.50,290,95.01
47.31,290,95.35
46.65,290,93.28
46.03,290,92.99
46.00,290,93.29
45.92,290,93.13
45.89,290,93.79
45.17,290,92.94
44.23,290,94.00
43.62,290,95.15
43.60,290,94.43
43.53,290,94.77
43.29,290,94.37
42.88,290,95.47
42.46,290,94.60
41.72,290,95.62
41.42,290,95.01
40.96,290,94.97
40.86,290,95.91
40.58,290,94.88
40.51,290,95.17
39.55,290,95.29
38.77,290,96.46
38.46,290,96.30
38.22,290,95.83
38.16,290,95.48
36.60,290,95.40
36.01,290,95.85
35.40,290,97.03
35.33,290,96.45
34.52,290,95.44
32.89,290,96.23
32.53,290,95.45
32.38,290,96.56
31.93,290,95.12
30.49,290,95.48
29.31,290,95.26
29.25,290,95.00
27.86,290,95.76
27.83,290,95.95
27.81,290,95.60
27.64,290,94.88
26.51,290,96.10
26.43,290,94.70
26.41,290,94.39
25.61,290,94.42
25.10,290,95.40
25.03,290,94.25
24.99,290,94.44
24.67,290,94.28
24.46,290,95.83
24.41,290,94.49
22.66,290,94.71
22.55,290,95.12
21.42,290,94.31
20.85,290,93.32
20.38,290,94.18
19.72,290,93.99
19.26,290,93.55
18.24,290,93.60
17.71,290,94.00
17.12,290,93.64
16.50,290,94.03
16.40,290,94.56
16.02,290,93.69
15.79,290,95.22
15.74,290,94.38
14.94,290,95.01
14.62,290,95.35
14.23,290,95.85
13.90,290,96.51
13.26,290,96.00
12.19,290,96.76
11.71,290,96.10
10.79,290,96.26
10.60,290,96.63
9.47,290,95.87
8.36,290,95.53
7.97,290,95.06
6.45,290,95.00
6.42,290,94.68
4.91,290,95.39
4.80,290,94.72
3.25,290,94.71
1.54,290,93.94
1.50,290,94.67
0.73,290,94.18
-0.63,290,94.56
-0.73,290,94.75
-0.74,290,94.92
-0.76,290,94.23
-3.41,290,94.32
-3.95,290,94.27
-4.10,290,94.97
-4.12,290,94.55
-4.15,290,95.25
-4.75,290,93.57
-6.03,290,94.21
-7.56,290,95.34
-8.17,290,95.70
-12.58,290,97.23
-14.59,290,97.02
-15.54,290,96.89
-16.54,290,97.38
-17.63,290,97.17
-17.74,290,97.44
-18.14,290,97.28
-18.57,290,97.11
-19.00,290,97.33
-19.09,290,97.11
-19.56,290,97.62
-19.86,290,96.83
-20.03,290,96.97
-20.11,290,97.13
-20.13,290,97.37
-20.21,290,97.59
-21.08,290,97.55
-22.53,290,96.50
-22.77,290,97.75
-23.53,290,96.68
-24.06,290,97.12
-24.43,290,96.46
-24.85,290,96.66
-24.90,290,96.48
-24.92,290,96.87
-24.99,290,97.16
-25.30,290,97.05
-25.31,290,96.21
-25.44,290,96.59
-25.60,290,97.22
-25.94,290,96.86
-26.31,290,97.15
-26.83,290,96.82
-27.28,290,96.81
-27.67,290,96.79
-38.27,290,95.70
-38.99,290,95.99
-42.03,290,94.84
-49.97,290,96.69
-51.02,290,96.55
-51.37,290,96.04
-51.56,290,95.68
-52.33,290,95.70
-52.33,290,95.03
-52.79,290,95.68
-52.90,290,95.91
-52.94,290,95.34
-53.26,290,95.61
-53.48,290,95.25
-53.71,290,95.50
-53.94,290,95.31
-59.38,290,96.15
-61.08,290,96.05
-62.54,290,96.22
-63.17,290,95.53
-64.54,290,96.34
-65.67,290,96.76
-67.04,290,96.07
-68.30,290,96.09
-69.32,290,96.03
-70.88,290,95.42
-72.50,290,94.57
-74.24,290,96.45
-75.24,290,95.27
-76.66,290,95.54
-78.29,290,95.39
-80.77,290,95.34
-81.73,290,95.73
-83.42,290,94.97
-85.37,290,95.59
-86.69,290,95.12
-86.69,290,95.57
-88.44,290,95.33
-88.96,290,95.06
-89.34,290,95.03
76.62,730,115.73
74.99,730,114.86
74.77,730,113.18
74.63,730,117.36
74.16,730,113.41
73.79,730,113.00
71.58,730,114.98
71.19,730,115.86
70.75,730,115.58
68.55,730,113.55
68.19,730,115.40
67.05,730,115.64
66.87,730,116.65
66.36,730,115.20
64.36,730,114.38
63.87,730,115.08
63.73,730,114.10
63.25,730,114.99
63.06,730,114.51
62.95,730,115.18
62.73,730,115.33
62.17,730,114.33
61.95,730,115.55
61.18,730,113.90
60.25,730,115.55
60.07,730,115.26
58.55,730,115.34
58.28,730,116.30
57.96,730,115.62
57.21,730,115.61
57.01,730,116.73
56.51,730,114.48
55.94,730,116.32
55.42,730,115.49
54.40,730,115.95
54.13,730,115.13
53.92,730,115.61
53.42,730,116.46
53.20,730,116.09
51.85,730,115.23
51.77,730,115.77
51.23,730,116.54
50.55,730,114.82
50.45,730,117.01
50.43,730,115.31
49.88,730,117.47
48.97,730,116.77
48.82,730,117.50
47.93,730,116.29
47.68,730,118.09
46.97,730,118.52
46.77,730,118.36
46.51,730,118.22
46.07,730,118.71
45.93,730,117.53
45.14,730,118.26
44.70,730,120.43
43.80,730,116.80
43.42,730,118.17
42.89,730,119.23
42.79,730,118.45
42.57,730,119.16
41.94,730,119.26
41.63,730,117.74
41.17,730,118.60
41.05,730,118.20
41.00,730,119.96
40.41,730,119.52
40.07,730,119.83
39.03,730,118.19
38.63,730,119.39
38.52,730,119.12
38.25,730,119.18
38.20,730,120.76
37.12,730,119.48
36.81,730,119.42
36.78,730,118.75
36.58,730,118.54
36.41,730,119.63
35.83,730,118.49
35.67,730,119.84
35.05,730,119.51
34.97,730,119.98
32.99,730,119.10
32.88,730,118.34
32.07,730,119.96
32.05,730,119.70
31.65,730,118.42
30.56,730,118.01
29.39,730,119.82
29.20,730,119.24
28.03,730,118.77
27.92,730,119.35
27.88,730,119.65
27.06,730,118.53
26.94,730,120.75
26.92,730,119.06
25.84,730,118.73
25.33,730,119.48
24.88,730,119.00
24.33,730,119.27
22.82,730,118.31
22.80,730,117.18
22.38,730,116.99
21.63,730,118.35
21.53,730,116.60
21.17,730,117.36
20.68,730,117.40
20.38,730,115.04
20.02,730,116.61
19.26,730,115.11
18.95,730,115.86
17.71,730,115.78
17.04,730,114.41
16.69,730,115.28
16.15,730,114.38
15.98,730,115.06
15.97,730,116.14
14.96,730,116.65
14.88,730,116.13
14.60,730,115.21
14.04,730,114.92
13.73,730,114.76
13.57,730,115.45
13.54,730,114.59
12.29,730,115.28
11.96,730,116.96
11.84,730,114.19
11.22,730,116.46
11.03,730,115.45
10.82,730,116.00
9.41,730,114.62
8.22,730,114.86
8.02,730,115.19
7.02,730,114.19
6.45,730,113.85
4.86,730,113.43
3.16,730,115.20
2.14,730,114.46
1.56,730,114.39
1.56,730,115.22
1.45,730,115.90
0.26,730,115.89
-0.59,730,115.17
-0.80,730,115.76
-0.80,730,113.68
-0.83,730,115.38
-3.57,730,115.87
-3.97,730,115.94
-4.03,730,114.72
-4.05,730,114.03
-4.16,730,114.26
-4.22,730,114.48
-4.35,730,114.00
-4.43,730,115.92
-4.90,730,115.79
-6.00,730,114.82
-7.69,730,115.14
-8.12,730,115.20
-8.17,730,115.36
-8.58,730,116.43
-12.63,730,116.35
-14.21,730,116.51
-15.79,730,116.51
-16.63,730,116.23
-17.62,730,116.28
-17.63,730,116.69
-18.10,730,117.78
-18.60,730,116.69
-19.22,730,115.98
-19.61,730,115.44
-19.88,730,116.89
-19.96,730,115.03
-19.97,730,117.10
-20.00,730,116.69
-20.05,730,115.67
-20.09,730,116.47
-20.09,730,116.13
-20.23,730,115.39
-20.26,730,116.26
-20.66,730,115.66
-20.67,730,115.48
-21.38,730,117.10
-22.62,730,116.99
-23.09,730,115.15
-23.48,730,117.59
-23.69,730,117.75
-24.01,730,116.77
-24.45,730,116.82
-24.85,730,116.92
-24.91,730,116.16
-24.96,730,116.37
-25.19,730,117.09
-25.35,730,116.18
-25.40,730,117.28
-25.53,730,115.20
-25.54,730,116.42
-25.72,730,116.11
-26.08,730,115.64
-26.45,730,116.61
-26.73,730,116.40
-26.95,730,116.07
-27.09,730,116.57
-27.70,730,115.69
-38.53,730,116.88
-38.96,730,117.22
-42.03,730,116.91
-49.97,730,116.00
-51.08,730,117.26
-51.41,730,117.53
-51.95,730,117.54
-52.34,730,116.70
-52.45,730,116.92
-53.01,730,116.57
-53.02,730,116.96
-53.42,730,116.14
-53.54,730,115.78
-53.54,730,116.65
-53.71,730,116.53
-54.08,730,118.92
-59.35,730,117.57
-61.02,730,117.95
-62.25,730,118.04
-63.23,730,117.76
-64.30,730,116.77
-65.72,730,116.40
-67.25,730,117.93
-68.15,730,117.41
-69.21,730,116.36
-70.67,730,116.37
-72.27,730,118.05
-74.01,730,116.71
-75.11,730,116.98
-76.60,730,116.56
-78.01,730,116.96
-80.61,730,116.07
-81.75,730,116.13
-83.11,730,116.65
-84.76,730,117.67
-86.34,730,117.57
-86.44,730,117.43
-86.75,730,116.10
-88.56,730,116.55
