altitude_km,pressure_mbar,temperature_K,temperature_uncertainty_K
-16.0,1337.7,143.80,
-15.0,1314.61,144.14,3.56
-14.0,1291.82,142.48,3.53
-13.0,1269.27,142.17,3.50
-12.0,1247,140.94,3.47
-11.0,1225.02,140.94,3.44
-10.0,1203.32,139.47,3.41
-9.0,1181.87,139.07,3.41
-8.0,1160.69,137.96,3.38
-7.0,1139.74,137.10,3.35
-6.0,1119.03,136.09,3.28
-5.0,1098.6,135.75,3.28
-4.0,1078.41,134.28,3.22
-3.0,1058.42,133.48,3.22
-2.0,1038.69,132.65,3.16
-1.0,1019.21,131.93,3.13
0.0,1000,131.21,3.10
1.0,981.05,130.53,3.10
2.0,962.372,129.95,3.04
3.0,943.932,128.86,3.01
4.0,925.694,127.77,3.01
5.0,907.68,127.00,2.98
6.0,889.903,126.11,2.92
7.0,872.314,124.66,2.92
8.0,854.946,124.23,2.88
9.0,837.832,123.31,2.85
10.0,820.952,122.61,2.85
11.0,804.272,121.22,2.82
12.0,787.79,120.49,2.79
13.0,771.532,119.50,2.76
14.0,755.513,119.01,2.76
15.0,739.716,117.82,2.73
16.0,724.118,116.99,2.73
17.0,708.741,116.13,2.73
18.0,693.584,115.34,2.70
19.0,678.653,114.56,2.67
20.0,663.93,113.55,2.65
21.0,649.49,113.98,2.64
22.0,635.265,111.95,2.64
23.0,621.183,111.21,2.61
24.0,607.327,110.54,2.61
25.0,593.685,109.65,2.61
26.0,580.229,108.54,2.58
27.0,566.989,108.14,2.55
28.0,553.978,107.31,2.55
29.0,541.165,106.42,2.55
30.0,528.578,106.08,2.53
31.0,516.208,105.10,2.48
32.0,504.034,104.42,2.48
33.0,492.063,103.63,2.48
34.0,480.304,103.10,2.47
35.0,468.745,102.15,2.48
36.0,457.388,101.69,2.45
37.0,446.241,100.95,2.42
38.0,435.294,100.34,2.42
39.0,424.563,99.94,2.42
40.0,414.031,99.08,2.39
41.0,403.718,99.08,2.39
42.0,393.621,98.28,2.36
43.0,383.707,97.67,2.36
44.0,373.997,97.33,2.36
45.0,364.5,96.99,2.33
46.0,355.213,96.65,2.33
47.0,346.106,95.76,2.30
48.0,337.172,95.33,2.33
49.0,328.434,95.00,2.30
50.0,319.899,94.78,2.27
51.0,311.565,94.50,2.27
52.0,303.417,94.04,2.27
53.0,295.439,93.49,2.27
54.0,287.631,93.03,2.30
55.0,280.002,92.82,2.30
56.0,272.559,92.63,2.27
57.0,265.296,92.32,2.27
58.0,258.204,92.05,2.27
59.0,251.282,91.77,2.27
60.0,244.524,91.43,2.27
61.0,237.925,91.16,2.27
62.0,231.486,90.88,2.27
63.0,225.201,90.57,2.24
64.0,219.063,90.14,2.27
65.0,213.064,89.71,2.27
66.0,207.205,89.38,2.27
67.0,201.484,88.98,2.27
68.0,195.898,88.64,2.24
69.0,190.449,88.36,2.27
70.0,185.137,88.12,2.24
71.0,179.956,87.81,2.27
72.0,174.907,87.63,2.27
73.0,169.991,87.47,2.27
74.0,165.202,87.23,2.27
75.0,160.537,87.04,2.27
76.0,155.992,86.80,2.27
77.0,151.565,86.55,2.27
78.0,147.241,85.91,2.27
79.0,143.015,85.51,2.24
80.0,138.9,85.44,2.27
81.0,134.895,85.14,2.27
82.0,130.993,84.89,2.27
83.0,127.195,84.71,2.27
84.0,123.5,84.55,2.27
85.0,119.905,84.35,2.27
86.0,116.406,84.16,2.27
87.0,113.002,83.96,2.27
88.0,109.69,83.76,2.27
89.0,106.467,83.56,2.27
90.0,103.332,83.36,2.27
91.0,100.282,83.16,2.27
92.0,97.3154,82.96,2.27
93.0,94.4297,82.76,2.27
94.0,91.623,82.56,2.27
95.0,88.896,82.53,2.27
96.0,86.2489,82.47,2.30
97.0,83.6812,82.56,2.30
98.0,81.1919,82.59,2.28
99.0,78.778,82.65,2.27
100.0,76.4379,82.72,2.27
101.0,74.169,82.78,2.27
102.0,71.9693,82.84,2.33
103.0,69.8365,82.91,2.33
104.0,67.7685,82.97,2.30
105.0,65.7634,83.04,2.33
106.0,63.8192,83.10,2.33
107.0,61.934,83.16,2.33
108.0,60.1059,83.23,2.33
109.0,58.3332,83.29,2.33
110.0,56.6141,83.36,2.36
111.0,54.9452,83.23,2.36
112.0,53.325,83.30,2.36
113.0,51.7543,83.42,2.33
114.0,50.2335,83.69,2.36
115.0,48.761,83.82,2.33
116.0,47.3337,83.94,2.36
117.0,45.9507,84.12,2.36
118.0,44.6111,84.31,2.39
119.0,43.3132,84.46,2.36
120.0,42.0547,84.52,2.36
121.0,40.8332,84.52,2.38
122.0,39.6498,84.90,2.39
123.0,38.5057,85.27,2.42
124.0,37.3994,85.64,2.42
125.0,36.3296,86.01,2.45
126.0,35.2948,86.38,2.42
127.0,34.2938,86.76,2.42
128.0,33.3253,87.13,2.45
129.0,32.3881,87.50,2.45
130.0,31.4812,87.87,2.45
131.0,30.6013,87.84,2.45
132.0,29.7476,88.18,2.48
133.0,28.921,88.55,2.48
134.0,28.1204,88.85,2.55
135.0,27.3452,89.28,2.52
136.0,26.5938,89.44,2.52
137.0,25.8642,89.56,2.55
138.0,25.1599,90.80,2.58
139.0,24.4804,91.07,2.58
140.0,23.8213,91.34,2.55
141.0,23.1821,91.71,2.58
142.0,22.5627,92.11,2.58
143.0,21.9627,92.60,2.58
144.0,21.3812,92.91,2.59
145.0,20.8173,93.35,2.61
146.0,20.2709,93.80,2.61
147.0,19.7413,94.20,2.64
148.0,19.2277,94.63,2.65
149.0,18.7297,95.03,2.67
150.0,18.2467,95.49,2.64
151.0,17.7785,95.95,2.67
152.0,17.3237,96.10,2.67
153.0,16.8825,96.76,2.70
154.0,16.4553,97.41,2.70
155.0,16.0417,98.07,2.70
156.0,15.6407,98.47,2.70
157.0,15.2517,99.08,2.73
158.0,14.8742,99.45,2.73
159.0,14.5078,100.00,2.76
160.0,14.1524,100.56,2.76
161.0,13.8075,101.08,2.76
162.0,13.4733,101.97,2.76
163.0,13.1494,102.46,2.76
164.0,12.8346,102.80,2.79
165.0,12.528,102.95,2.82
166.0,12.23,103.60,2.82
167.0,11.9411,104.49,2.82
168.0,11.6611,105.07,2.85
169.0,11.3892,105.75,2.82
170.0,11.1255,106.51,2.85
171.0,10.8696,107.22,2.88
172.0,10.6211,107.74,2.88
173.0,10.3788,107.71,2.88
174.0,10.1424,108.14,2.88
175.0,9.91251,108.69,2.88
176.0,9.68892,109.22,2.92
177.0,9.47183,110.17,2.92
178.0,9.26171,111.44,2.95
179.0,9.05717,111.15,2.98
180.0,8.85725,111.55,2.98
181.0,8.66238,111.89,2.98
182.0,8.47233,112.16,2.98
183.0,8.28763,113.33,3.04
184.0,8.10832,113.88,3.04
185.0,7.93352,114.16,3.04
186.0,7.76298,114.53,3.07
187.0,7.59723,115.73,3.07
188.0,7.43609,116.06,3.10
189.0,7.279,116.65,3.10
190.0,7.12583,116.99,3.10
191.0,6.97681,118.12,3.13
192.0,6.83199,118.74,3.16
193.0,6.69083,119.23,3.16
194.0,6.5531,119.63,3.16
195.0,6.41922,121.04,3.19
196.0,6.28902,121.38,3.19
197.0,6.16181,121.72,3.22
198.0,6.03771,122.42,3.24
199.0,5.91655,122.61,3.26
200.0,5.79839,123.60,3.28
201.0,5.68315,123.80,3.28
202.0,5.57038,123.99,3.32
203.0,5.46004,124.23,3.35
204.0,5.35218,124.66,3.35
205.0,5.24672,124.85,3.35
206.0,5.14345,124.94,3.38
207.0,5.04244,125.42,3.41
208.0,4.94378,125.86,3.41
209.0,4.84732,126.11,3.41
210.0,4.75293,126.35,3.44
211.0,4.66055,126.60,3.44
212.0,4.57018,126.94,3.47
213.0,4.48171,127.00,3.47
214.0,4.39499,127.06,3.50
215.0,4.3102,127.73,3.50
216.0,4.22729,127.83,3.53
217.0,4.14606,127.98,3.56
218.0,4.06653,128.26,3.56
219.0,3.98869,128.53,3.62
220.0,3.9125,128.78,3.62
221.0,3.83791,129.02,3.62
222.0,3.76484,129.15,3.65
223.0,3.69326,129.33,3.65
224.0,3.62309,129.36,3.65
225.0,3.55448,130.16,3.65
226.0,3.48738,130.16,3.68
227.0,3.42158,130.31,3.72
228.0,3.3571,130.47,3.72
229.0,3.29392,130.64,3.72
230.0,3.23204,130.93,3.78
231.0,3.17142,131.05,3.78
232.0,3.11199,131.17,3.84
233.0,3.05372,131.24,3.84
234.0,2.99656,131.27,3.87
235.0,2.94053,131.50,3.90
236.0,2.88565,131.73,3.90
237.0,2.83185,131.79,3.90
238.0,2.77908,131.85,3.96
239.0,2.7273,131.85,3.99
240.0,2.6765,131.88,3.99
241.0,2.62666,131.88,4.05
242.0,2.57774,131.88,4.05
243.0,2.52975,131.96,4.08
244.0,2.48269,132.07,4.12
245.0,2.43656,132.28,4.12
246.0,2.39134,132.34,4.15
247.0,2.34697,132.36,4.15
248.0,2.30348,132.67,4.18
249.0,2.2609,132.99,4.21
250.0,2.21916,133.05,4.24
251.0,2.17821,133.08,4.24
252.0,2.13805,133.20,4.27
253.0,2.09865,133.28,4.30
254.0,2.06001,133.39,4.30
255.0,2.0221,133.42,4.33
256.0,1.9849,133.48,4.36
257.0,1.9484,133.51,4.36
258.0,1.91258,133.54,4.36
259.0,1.87742,133.54,4.42
260.0,1.84291,133.54,4.45
261.0,1.80905,133.57,4.45
262.0,1.77581,133.57,4.48
263.0,1.74319,133.72,4.51
264.0,1.71123,133.94,4.51
265.0,1.67989,134.06,4.58
266.0,1.64916,134.28,4.58
267.0,1.61904,134.46,4.58
268.0,1.5895,134.49,4.64
269.0,1.56054,134.83,4.64
270.0,1.53217,135.17,4.67
271.0,1.50439,135.51,4.70
272.0,1.47715,135.52,4.75
273.0,1.45041,135.57,4.76
274.0,1.42417,135.66,4.79
275.0,1.39843,135.78,4.82
276.0,1.37317,135.87,4.82
277.0,1.34838,135.93,4.85
278.0,1.32406,136.04,4.85
279.0,1.30019,136.09,4.91
280.0,1.27675,136.09,4.91
281.0,1.25375,136.18,4.98
282.0,1.23117,136.27,5.01
283.0,1.20902,136.36,5.04
284.0,1.18728,136.46,5.07
285.0,1.16594,136.46,5.10
286.0,1.14499,136.52,5.10
287.0,1.12442,136.52,5.16
288.0,1.10423,136.55,5.19
289.0,1.0844,136.61,5.25
290.0,1.06494,136.61,5.28
291.0,1.04583,136.67,5.33
292.0,1.02707,136.70,5.35
293.0,1.00865,136.73,5.41
294.0,0.990563,136.70,5.44
295.0,0.972795,136.65,5.47
296.0,0.955339,136.60,5.53
297.0,0.938191,136.54,5.56
298.0,0.921345,136.49,5.59
299.0,0.904797,136.46,5.64
300.0,0.888541,136.40,5.68
301.0,0.872569,136.30,5.71
302.0,0.856874,136.21,5.75
303.0,0.841452,136.12,5.75
304.0,0.826298,136.03,5.81
305.0,0.811407,135.93,5.87
306.0,0.796775,135.84,5.90
307.0,0.782401,135.80,5.93
308.0,0.768271,135.55,5.99
309.0,0.754372,135.30,6.02
310.0,0.740699,135.04,6.05
311.0,0.727258,134.95,6.11
312.0,0.714048,134.77,6.15
313.0,0.701064,134.65,6.21
314.0,0.688302,134.46,6.24
315.0,0.675752,134.22,6.27
316.0,0.663414,134.06,6.33
317.0,0.651293,134.00,6.36
318.0,0.639389,133.97,6.39
319.0,0.627667,133.17,6.48
320.0,0.616121,133.05,6.48
321.0,0.604773,132.83,6.51
322.0,0.593623,132.74,6.61
323.0,0.58265,132.16,6.67
324.0,0.571853,132.03,6.70
325.0,0.561248,131.97,6.73
326.0,0.550847,132.19,6.79
327.0,0.540663,132.62,6.85
328.0,0.530702,133.08,6.91
329.0,0.520947,133.26,6.98
330.0,0.511385,133.42,7.01
331.0,0.501994,133.14,7.04
332.0,0.492756,132.83,7.13
333.0,0.483665,132.46,7.13
334.0,0.474716,132.03,7.16
335.0,0.465902,131.54,7.25
336.0,0.457238,131.62,7.30
337.0,0.448745,131.82,7.41
338.0,0.440421,131.94,7.47
339.0,0.43226,132.13,7.50
340.0,0.42426,132.25,7.56
341.0,0.416413,132.28,7.65
342.0,0.40872,132.54,7.68
343.0,0.401184,132.80,7.74
344.0,0.393794,132.80,7.78
345.0,0.386543,132.86,7.87
346.0,0.379428,132.93,7.90
347.0,0.372447,132.93,7.96
348.0,0.365593,132.89,7.96
349.0,0.358864,132.86,8.14
350.0,0.352256,132.76,8.18
351.0,0.345765,132.68,8.24
352.0,0.33939,132.56,8.33
353.0,0.333128,132.53,8.39
354.0,0.326982,132.53,8.42
355.0,0.320934,131.82,8.48
356.0,0.314982,131.85,8.57
357.0,0.30914,131.79,8.64
358.0,0.303402,131.60,8.70
359.0,0.297763,131.45,8.76
360.0,0.292221,131.17,8.85
361.0,0.286774,131.08,8.94
362.0,0.281425,130.99,9.01
363.0,0.276163,130.44,9.07
364.0,0.270993,130.65,9.16
365.0,0.265929,130.90,9.22
366.0,0.260968,131.05,9.28
367.0,0.256118,131.94,9.37
368.0,0.251377,132.07,9.44
369.0,0.246728,132.22,9.53
370.0,0.242171,132.37,9.59
371.0,0.237698,132.22,9.68
372.0,0.233303,132.03,9.77
373.0,0.228984,131.91,9.84
374.0,0.224742,131.82,9.90
